{
  "v": "4.12.0",
  "fr": 24,
  "ip": 0,
  "op": 36,
  "w": 90,
  "h": 90,
  "nm": "like",
  "ddd": 0,
  "assets": [],
  "layers": [
    {
      "ddd": 0,
      "ind": 1,
      "ty": 4,
      "nm": "“like”轮廓 2",
      "sr": 1,
      "ks": {
        "o": {
          "a": 1,
          "k": [
            {
              "i": {
                "x": [
                  0.667
                ],
                "y": [
                  1
                ]
              },
              "o": {
                "x": [
                  0.333
                ],
                "y": [
                  0
                ]
              },
              "n": [
                "0p667_1_0p333_0"
              ],
              "t": 12,
              "s": [
                100
              ],
              "e": [
                100
              ]
            },
            {
              "t": 21
            }
          ],
          "ix": 11
        },
        "r": {
          "a": 1,
          "k": [
            {
              "i": {
                "x": [
                  0.667
                ],
                "y": [
                  1
                ]
              },
              "o": {
                "x": [
                  0.333
                ],
                "y": [
                  0
                ]
              },
              "n": [
                "0p667_1_0p333_0"
              ],
              "t": 12,
              "s": [
                30
              ],
              "e": [
                0
              ]
            },
            {
              "t": 21
            }
          ],
          "ix": 10
        },
        "p": {
          "a": 0,
          "k": [
            45,
            47,
            0
          ],
          "ix": 2
        },
        "a": {
          "a": 0,
          "k": [
            45,
            47.75,
            0
          ],
          "ix": 1
        },
        "s": {
          "a": 1,
          "k": [
            {
              "i": {
                "x": [
                  0.667,
                  0.667,
                  0.667
                ],
                "y": [
                  0.928,
                  0.928,
                  758.325
                ]
              },
              "o": {
                "x": [
                  0.351,
                  0.351,
                  0.333
                ],
                "y": [
                  0.005,
                  0.005,
                  0
                ]
              },
              "n": [
                "0p667_0p928_0p351_0p005",
                "0p667_0p928_0p351_0p005",
                "0p667_758p325_0p333_0"
              ],
              "t": 12,
              "s": [
                10,
                10,
                100
              ],
              "e": [
                114.898,
                114.898,
                100
              ]
            },
            {
              "i": {
                "x": [
                  0.667,
                  0.667,
                  0.667
                ],
                "y": [
                  1.109,
                  1.109,
                  271.473
                ]
              },
              "o": {
                "x": [
                  0.333,
                  0.333,
                  0.333
                ],
                "y": [
                  -0.366,
                  -0.366,
                  -757.325
                ]
              },
              "n": [
                "0p667_1p109_0p333_-0p366",
                "0p667_1p109_0p333_-0p366",
                "0p667_271p473_0p333_-757p325"
              ],
              "t": 14,
              "s": [
                114.898,
                114.898,
                100
              ],
              "e": [
                94.184,
                94.184,
                100
              ]
            },
            {
              "i": {
                "x": [
                  0.667,
                  0.667,
                  0.667
                ],
                "y": [
                  0.954,
                  0.954,
                  -27.049
                ]
              },
              "o": {
                "x": [
                  0.333,
                  0.333,
                  0.333
                ],
                "y": [
                  0.197,
                  0.197,
                  -270.473
                ]
              },
              "n": [
                "0p667_0p954_0p333_0p197",
                "0p667_0p954_0p333_0p197",
                "0p667_-27p049_0p333_-270p473"
              ],
              "t": 16,
              "s": [
                94.184,
                94.184,
                100
              ],
              "e": [
                105.671,
                105.671,
                100
              ]
            },
            {
              "i": {
                "x": [
                  0.016,
                  0.016,
                  0.667
                ],
                "y": [
                  9.161,
                  9.161,
                  1
                ]
              },
              "o": {
                "x": [
                  0.333,
                  0.333,
                  0.333
                ],
                "y": [
                  -0.525,
                  -0.525,
                  112.196
                ]
              },
              "n": [
                "0p016_9p161_0p333_-0p525",
                "0p016_9p161_0p333_-0p525",
                "0p667_1_0p333_112p196"
              ],
              "t": 18,
              "s": [
                105.671,
                105.671,
                100
              ],
              "e": [
                101.668,
                101.668,
                100
              ]
            },
            {
              "t": 26
            }
          ],
          "ix": 6
        }
      },
      "ao": 0,
      "shapes": [
        {
          "ty": "gr",
          "it": [
            {
              "ind": 0,
              "ty": "sh",
              "ix": 1,
              "ks": {
                "a": 0,
                "k": {
                  "i": [
                    [
                      0,
                      0
                    ],
                    [
                      -0.625,
                      2.292
                    ],
                    [
                      0.042,
                      1.375
                    ],
                    [
                      -1.75,
                      -2.833
                    ],
                    [
                      1.125,
                      -3.25
                    ],
                    [
                      -1.333,
                      -0.166
                    ],
                    [
                      0.25,
                      -2.667
                    ],
                    [
                      2.167,
                      -4.417
                    ],
                    [
                      2.708,
                      -0.166
                    ],
                    [
                      2.791,
                      1.5
                    ]
                  ],
                  "o": [
                    [
                      0,
                      0
                    ],
                    [
                      0.625,
                      -2.291
                    ],
                    [
                      -0.041,
                      -1.375
                    ],
                    [
                      1.75,
                      2.833
                    ],
                    [
                      2.125,
                      -0.125
                    ],
                    [
                      1.334,
                      0.167
                    ],
                    [
                      -0.25,
                      2.666
                    ],
                    [
                      -0.875,
                      1.583
                    ],
                    [
                      -2.709,
                      0.167
                    ],
                    [
                      0,
                      0
                    ]
                  ],
                  "v": [
                    [
                      -10.943,
                      -3.458
                    ],
                    [
                      -6.183,
                      -7.251
                    ],
                    [
                      -5.558,
                      -11.917
                    ],
                    [
                      -1.433,
                      -12.333
                    ],
                    [
                      -0.683,
                      -3.833
                    ],
                    [
                      7.443,
                      -3.876
                    ],
                    [
                      10.693,
                      -0.417
                    ],
                    [
                      7.484,
                      12.833
                    ],
                    [
                      3.776,
                      14.999
                    ],
                    [
                      -10.349,
                      13.167
                    ]
                  ],
                  "c": false
                },
                "ix": 2
              },
              "nm": "路径 1",
              "mn": "ADBE Vector Shape - Group",
              "hd": false
            },
            {
              "ty": "st",
              "c": {
                "a": 0,
                "k": [
                  1,
                  0.176470592618,
                  0.333333343267,
                  1
                ],
                "ix": 3
              },
              "o": {
                "a": 0,
                "k": 100,
                "ix": 4
              },
              "w": {
                "a": 0,
                "k": 2,
                "ix": 5
              },
              "lc": 2,
              "lj": 2,
              "nm": "描边 1",
              "mn": "ADBE Vector Graphic - Stroke",
              "hd": false
            },
            {
              "ty": "tr",
              "p": {
                "a": 0,
                "k": [
                  48.349,
                  44.458
                ],
                "ix": 2
              },
              "a": {
                "a": 0,
                "k": [
                  0,
                  0
                ],
                "ix": 1
              },
              "s": {
                "a": 0,
                "k": [
                  100,
                  100
                ],
                "ix": 3
              },
              "r": {
                "a": 0,
                "k": 0,
                "ix": 6
              },
              "o": {
                "a": 0,
                "k": 100,
                "ix": 7
              },
              "sk": {
                "a": 0,
                "k": 0,
                "ix": 4
              },
              "sa": {
                "a": 0,
                "k": 0,
                "ix": 5
              },
              "nm": "变换"
            }
          ],
          "nm": "组 1",
          "np": 2,
          "cix": 2,
          "ix": 1,
          "mn": "ADBE Vector Group",
          "hd": false
        },
        {
          "ty": "gr",
          "it": [
            {
              "ind": 0,
              "ty": "sh",
              "ix": 1,
              "ks": {
                "a": 0,
                "k": {
                  "i": [
                    [
                      0.915,
                      0
                    ],
                    [
                      0,
                      0
                    ],
                    [
                      0,
                      0.914
                    ],
                    [
                      0,
                      0
                    ],
                    [
                      -0.914,
                      0
                    ],
                    [
                      0,
                      0
                    ],
                    [
                      0,
                      -0.915
                    ],
                    [
                      0,
                      0
                    ]
                  ],
                  "o": [
                    [
                      0,
                      0
                    ],
                    [
                      -0.914,
                      0
                    ],
                    [
                      0,
                      0
                    ],
                    [
                      0,
                      -0.915
                    ],
                    [
                      0,
                      0
                    ],
                    [
                      0.915,
                      0
                    ],
                    [
                      0,
                      0
                    ],
                    [
                      0,
                      0.914
                    ]
                  ],
                  "v": [
                    [
                      1.782,
                      9.406
                    ],
                    [
                      -1.782,
                      9.406
                    ],
                    [
                      -3.438,
                      7.75
                    ],
                    [
                      -3.438,
                      -7.75
                    ],
                    [
                      -1.782,
                      -9.406
                    ],
                    [
                      1.782,
                      -9.406
                    ],
                    [
                      3.438,
                      -7.75
                    ],
                    [
                      3.438,
                      7.75
                    ]
                  ],
                  "c": true
                },
                "ix": 2
              },
              "nm": "路径 1",
              "mn": "ADBE Vector Shape - Group",
              "hd": false
            },
            {
              "ty": "st",
              "c": {
                "a": 0,
                "k": [
                  1,
                  0.176470592618,
                  0.333333343267,
                  1
                ],
                "ix": 3
              },
              "o": {
                "a": 0,
                "k": 100,
                "ix": 4
              },
              "w": {
                "a": 0,
                "k": 2,
                "ix": 5
              },
              "lc": 1,
              "lj": 1,
              "ml": 10,
              "nm": "描边 1",
              "mn": "ADBE Vector Graphic - Stroke",
              "hd": false
            },
            {
              "ty": "tr",
              "p": {
                "a": 0,
                "k": [
                  34.25,
                  49.782
                ],
                "ix": 2
              },
              "a": {
                "a": 0,
                "k": [
                  0,
                  0
                ],
                "ix": 1
              },
              "s": {
                "a": 0,
                "k": [
                  100,
                  100
                ],
                "ix": 3
              },
              "r": {
                "a": 0,
                "k": 0,
                "ix": 6
              },
              "o": {
                "a": 0,
                "k": 100,
                "ix": 7
              },
              "sk": {
                "a": 0,
                "k": 0,
                "ix": 4
              },
              "sa": {
                "a": 0,
                "k": 0,
                "ix": 5
              },
              "nm": "变换"
            }
          ],
          "nm": "组 2",
          "np": 2,
          "cix": 2,
          "ix": 2,
          "mn": "ADBE Vector Group",
          "hd": false
        }
      ],
      "ip": 12,
      "op": 36,
      "st": -12,
      "bm": 0
    },
    {
      "ddd": 0,
      "ind": 2,
      "ty": 4,
      "nm": "“like”轮廓",
      "sr": 1,
      "ks": {
        "o": {
          "a": 0,
          "k": 100,
          "ix": 11
        },
        "r": {
          "a": 0,
          "k": 0,
          "ix": 10
        },
        "p": {
          "a": 0,
          "k": [
            44.75,
            47,
            0
          ],
          "ix": 2
        },
        "a": {
          "a": 0,
          "k": [
            44.75,
            48.25,
            0
          ],
          "ix": 1
        },
        "s": {
          "a": 1,
          "k": [
            {
              "i": {
                "x": [
                  0.833,
                  0.833,
                  0.833
                ],
                "y": [
                  0.833,
                  0.833,
                  0.833
                ]
              },
              "o": {
                "x": [
                  0.167,
                  0.167,
                  0.167
                ],
                "y": [
                  0.167,
                  0.167,
                  0.167
                ]
              },
              "n": [
                "0p833_0p833_0p167_0p167",
                "0p833_0p833_0p167_0p167",
                "0p833_0p833_0p167_0p167"
              ],
              "t": 0,
              "s": [
                100,
                100,
                100
              ],
              "e": [
                0,
                0,
                100
              ]
            },
            {
              "t": 12
            }
          ],
          "ix": 6
        }
      },
      "ao": 0,
      "shapes": [
        {
          "ty": "gr",
          "it": [
            {
              "ty": "st",
              "c": {
                "a": 0,
                "k": [
                  0.470999983245,
                  0.470999983245,
                  0.470999983245,
                  1
                ],
                "ix": 3
              },
              "o": {
                "a": 0,
                "k": 100,
                "ix": 4
              },
              "w": {
                "a": 0,
                "k": 2,
                "ix": 5
              },
              "lc": 1,
              "lj": 1,
              "ml": 4,
              "nm": "描边 1",
              "mn": "ADBE Vector Graphic - Stroke",
              "hd": false
            },
            {
              "ty": "tr",
              "p": {
                "a": 0,
                "k": [
                  44.125,
                  44.625
                ],
                "ix": 2
              },
              "a": {
                "a": 0,
                "k": [
                  0,
                  0
                ],
                "ix": 1
              },
              "s": {
                "a": 0,
                "k": [
                  100,
                  100
                ],
                "ix": 3
              },
              "r": {
                "a": 0,
                "k": 0,
                "ix": 6
              },
              "o": {
                "a": 0,
                "k": 100,
                "ix": 7
              },
              "sk": {
                "a": 0,
                "k": 0,
                "ix": 4
              },
              "sa": {
                "a": 0,
                "k": 0,
                "ix": 5
              },
              "nm": "变换"
            }
          ],
          "nm": "矩形 1",
          "np": 2,
          "cix": 2,
          "ix": 1,
          "mn": "ADBE Vector Group",
          "hd": false
        },
        {
          "ty": "gr",
          "it": [
            {
              "ind": 0,
              "ty": "sh",
              "ix": 1,
              "ks": {
                "a": 0,
                "k": {
                  "i": [
                    [
                      0,
                      0
                    ],
                    [
                      -0.625,
                      2.292
                    ],
                    [
                      0.042,
                      1.375
                    ],
                    [
                      -1.75,
                      -2.833
                    ],
                    [
                      1.125,
                      -3.25
                    ],
                    [
                      -1.333,
                      -0.166
                    ],
                    [
                      0.25,
                      -2.667
                    ],
                    [
                      2.167,
                      -4.417
                    ],
                    [
                      2.708,
                      -0.166
                    ],
                    [
                      2.791,
                      1.5
                    ]
                  ],
                  "o": [
                    [
                      0,
                      0
                    ],
                    [
                      0.625,
                      -2.291
                    ],
                    [
                      -0.041,
                      -1.375
                    ],
                    [
                      1.75,
                      2.833
                    ],
                    [
                      2.125,
                      -0.125
                    ],
                    [
                      1.334,
                      0.167
                    ],
                    [
                      -0.25,
                      2.666
                    ],
                    [
                      -0.875,
                      1.583
                    ],
                    [
                      -2.709,
                      0.167
                    ],
                    [
                      0,
                      0
                    ]
                  ],
                  "v": [
                    [
                      -10.943,
                      -3.458
                    ],
                    [
                      -6.183,
                      -7.251
                    ],
                    [
                      -5.558,
                      -11.917
                    ],
                    [
                      -1.433,
                      -12.333
                    ],
                    [
                      -0.683,
                      -3.833
                    ],
                    [
                      7.443,
                      -3.876
                    ],
                    [
                      10.693,
                      -0.417
                    ],
                    [
                      7.484,
                      12.833
                    ],
                    [
                      3.776,
                      14.999
                    ],
                    [
                      -10.349,
                      13.167
                    ]
                  ],
                  "c": false
                },
                "ix": 2
              },
              "nm": "路径 1",
              "mn": "ADBE Vector Shape - Group",
              "hd": false
            },
            {
              "ty": "st",
              "c": {
                "a": 0,
                "k": [
                  0.470999985933,
                  0.470999985933,
                  0.470999985933,
                  1
                ],
                "ix": 3
              },
              "o": {
                "a": 0,
                "k": 100,
                "ix": 4
              },
              "w": {
                "a": 0,
                "k": 2,
                "ix": 5
              },
              "lc": 2,
              "lj": 2,
              "nm": "描边 1",
              "mn": "ADBE Vector Graphic - Stroke",
              "hd": false
            },
            {
              "ty": "tr",
              "p": {
                "a": 0,
                "k": [
                  48.349,
                  44.458
                ],
                "ix": 2
              },
              "a": {
                "a": 0,
                "k": [
                  0,
                  0
                ],
                "ix": 1
              },
              "s": {
                "a": 0,
                "k": [
                  100,
                  100
                ],
                "ix": 3
              },
              "r": {
                "a": 0,
                "k": 0,
                "ix": 6
              },
              "o": {
                "a": 0,
                "k": 100,
                "ix": 7
              },
              "sk": {
                "a": 0,
                "k": 0,
                "ix": 4
              },
              "sa": {
                "a": 0,
                "k": 0,
                "ix": 5
              },
              "nm": "变换"
            }
          ],
          "nm": "组 1",
          "np": 2,
          "cix": 2,
          "ix": 2,
          "mn": "ADBE Vector Group",
          "hd": false
        },
        {
          "ty": "gr",
          "it": [
            {
              "ind": 0,
              "ty": "sh",
              "ix": 1,
              "ks": {
                "a": 0,
                "k": {
                  "i": [
                    [
                      0.915,
                      0
                    ],
                    [
                      0,
                      0
                    ],
                    [
                      0,
                      0.914
                    ],
                    [
                      0,
                      0
                    ],
                    [
                      -0.914,
                      0
                    ],
                    [
                      0,
                      0
                    ],
                    [
                      0,
                      -0.915
                    ],
                    [
                      0,
                      0
                    ]
                  ],
                  "o": [
                    [
                      0,
                      0
                    ],
                    [
                      -0.914,
                      0
                    ],
                    [
                      0,
                      0
                    ],
                    [
                      0,
                      -0.915
                    ],
                    [
                      0,
                      0
                    ],
                    [
                      0.915,
                      0
                    ],
                    [
                      0,
                      0
                    ],
                    [
                      0,
                      0.914
                    ]
                  ],
                  "v": [
                    [
                      1.782,
                      9.406
                    ],
                    [
                      -1.782,
                      9.406
                    ],
                    [
                      -3.438,
                      7.75
                    ],
                    [
                      -3.438,
                      -7.75
                    ],
                    [
                      -1.782,
                      -9.406
                    ],
                    [
                      1.782,
                      -9.406
                    ],
                    [
                      3.438,
                      -7.75
                    ],
                    [
                      3.438,
                      7.75
                    ]
                  ],
                  "c": true
                },
                "ix": 2
              },
              "nm": "路径 1",
              "mn": "ADBE Vector Shape - Group",
              "hd": false
            },
            {
              "ty": "st",
              "c": {
                "a": 0,
                "k": [
                  0.470999983245,
                  0.470999983245,
                  0.470999983245,
                  1
                ],
                "ix": 3
              },
              "o": {
                "a": 0,
                "k": 100,
                "ix": 4
              },
              "w": {
                "a": 0,
                "k": 2,
                "ix": 5
              },
              "lc": 1,
              "lj": 1,
              "ml": 10,
              "nm": "描边 1",
              "mn": "ADBE Vector Graphic - Stroke",
              "hd": false
            },
            {
              "ty": "tr",
              "p": {
                "a": 0,
                "k": [
                  34.25,
                  49.782
                ],
                "ix": 2
              },
              "a": {
                "a": 0,
                "k": [
                  0,
                  0
                ],
                "ix": 1
              },
              "s": {
                "a": 0,
                "k": [
                  100,
                  100
                ],
                "ix": 3
              },
              "r": {
                "a": 0,
                "k": 0,
                "ix": 6
              },
              "o": {
                "a": 0,
                "k": 100,
                "ix": 7
              },
              "sk": {
                "a": 0,
                "k": 0,
                "ix": 4
              },
              "sa": {
                "a": 0,
                "k": 0,
                "ix": 5
              },
              "nm": "变换"
            }
          ],
          "nm": "组 2",
          "np": 2,
          "cix": 2,
          "ix": 3,
          "mn": "ADBE Vector Group",
          "hd": false
        }
      ],
      "ip": 0,
      "op": 14,
      "st": 0,
      "bm": 0
    },
    {
      "ddd": 0,
      "ind": 3,
      "ty": 4,
      "nm": "white",
      "sr": 1,
      "ks": {
        "o": {
          "a": 0,
          "k": 100,
          "ix": 11
        },
        "r": {
          "a": 0,
          "k": 0,
          "ix": 10
        },
        "p": {
          "a": 0,
          "k": [
            44.75,
            44.875,
            0
          ],
          "ix": 2
        },
        "a": {
          "a": 0,
          "k": [
            0,
            0.651,
            0
          ],
          "ix": 1
        },
        "s": {
          "a": 1,
          "k": [
            {
              "i": {
                "x": [
                  0.667,
                  0.667,
                  0.667
                ],
                "y": [
                  1,
                  1,
                  1
                ]
              },
              "o": {
                "x": [
                  0.333,
                  0.333,
                  0.333
                ],
                "y": [
                  0,
                  0,
                  0
                ]
              },
              "n": [
                "0p667_1_0p333_0",
                "0p667_1_0p333_0",
                "0p667_1_0p333_0"
              ],
              "t": 12,
              "s": [
                0,
                0,
                100
              ],
              "e": [
                701,
                701,
                100
              ]
            },
            {
              "t": 27
            }
          ],
          "ix": 6
        }
      },
      "ao": 0,
      "shapes": [
        {
          "ty": "gr",
          "it": [
            {
              "d": 1,
              "ty": "el",
              "s": {
                "a": 0,
                "k": [
                  9.25,
                  9.25
                ],
                "ix": 2
              },
              "p": {
                "a": 0,
                "k": [
                  0,
                  0
                ],
                "ix": 3
              },
              "nm": "椭圆路径 1",
              "mn": "ADBE Vector Shape - Ellipse",
              "hd": false
            },
            {
              "ty": "fl",
              "c": {
                "a": 0,
                "k": [
                  1,
                  1,
                  1,
                  1
                ],
                "ix": 4
              },
              "o": {
                "a": 0,
                "k": 100,
                "ix": 5
              },
              "r": 1,
              "nm": "填充 1",
              "mn": "ADBE Vector Graphic - Fill",
              "hd": false
            },
            {
              "ty": "tr",
              "p": {
                "a": 0,
                "k": [
                  0.106,
                  0.625
                ],
                "ix": 2
              },
              "a": {
                "a": 0,
                "k": [
                  0,
                  0
                ],
                "ix": 1
              },
              "s": {
                "a": 0,
                "k": [
                  100,
                  100
                ],
                "ix": 3
              },
              "r": {
                "a": 0,
                "k": 0,
                "ix": 6
              },
              "o": {
                "a": 0,
                "k": 100,
                "ix": 7
              },
              "sk": {
                "a": 0,
                "k": 0,
                "ix": 4
              },
              "sa": {
                "a": 0,
                "k": 0,
                "ix": 5
              },
              "nm": "变换"
            }
          ],
          "nm": "椭圆 1",
          "np": 3,
          "cix": 2,
          "ix": 1,
          "mn": "ADBE Vector Group",
          "hd": false
        }
      ],
      "ip": 12,
      "op": 35,
      "st": -12,
      "bm": 0
    },
    {
      "ddd": 0,
      "ind": 4,
      "ty": 4,
      "nm": "red",
      "sr": 1,
      "ks": {
        "o": {
          "a": 0,
          "k": 100,
          "ix": 11
        },
        "r": {
          "a": 0,
          "k": 0,
          "ix": 10
        },
        "p": {
          "a": 0,
          "k": [
            45,
            48.5,
            0
          ],
          "ix": 2
        },
        "a": {
          "a": 0,
          "k": [
            0,
            5.25,
            0
          ],
          "ix": 1
        },
        "s": {
          "a": 0,
          "k": [
            100,
            100,
            100
          ],
          "ix": 6
        }
      },
      "ao": 0,
      "shapes": [
        {
          "ty": "gr",
          "it": [
            {
              "d": 1,
              "ty": "el",
              "s": {
                "a": 0,
                "k": [
                  33.499,
                  33.499
                ],
                "ix": 2
              },
              "p": {
                "a": 0,
                "k": [
                  0,
                  0
                ],
                "ix": 3
              },
              "nm": "椭圆路径 1",
              "mn": "ADBE Vector Shape - Ellipse",
              "hd": false
            },
            {
              "ty": "fl",
              "c": {
                "a": 1,
                "k": [
                  {
                    "i": {
                      "x": [
                        0.667
                      ],
                      "y": [
                        1
                      ]
                    },
                    "o": {
                      "x": [
                        0.333
                      ],
                      "y": [
                        0
                      ]
                    },
                    "n": [
                      "0p667_1_0p333_0"
                    ],
                    "t": 12,
                    "s": [
                      1,
                      0.866666674614,
                      0.482352942228,
                      1
                    ],
                    "e": [
                      0.556862771511,
                      0.152941182256,
                      0.988235294819,
                      1
                    ]
                  },
                  {
                    "t": 22
                  }
                ],
                "ix": 4
              },
              "o": {
                "a": 0,
                "k": 100,
                "ix": 5
              },
              "r": 1,
              "nm": "填充 1",
              "mn": "ADBE Vector Graphic - Fill",
              "hd": false
            },
            {
              "ty": "tr",
              "p": {
                "a": 0,
                "k": [
                  0.25,
                  1.625
                ],
                "ix": 2
              },
              "a": {
                "a": 0,
                "k": [
                  0,
                  0
                ],
                "ix": 1
              },
              "s": {
                "a": 1,
                "k": [
                  {
                    "i": {
                      "x": [
                        0.667,
                        0.667
                      ],
                      "y": [
                        1,
                        1
                      ]
                    },
                    "o": {
                      "x": [
                        0.167,
                        0.167
                      ],
                      "y": [
                        0.167,
                        0.167
                      ]
                    },
                    "n": [
                      "0p667_1_0p167_0p167",
                      "0p667_1_0p167_0p167"
                    ],
                    "t": 12,
                    "s": [
                      0,
                      0
                    ],
                    "e": [
                      146.389,
                      146.389
                    ]
                  },
                  {
                    "i": {
                      "x": [
                        0.667,
                        0.667
                      ],
                      "y": [
                        1,
                        1
                      ]
                    },
                    "o": {
                      "x": [
                        0.333,
                        0.333
                      ],
                      "y": [
                        0,
                        0
                      ]
                    },
                    "n": [
                      "0p667_1_0p333_0",
                      "0p667_1_0p333_0"
                    ],
                    "t": 14,
                    "s": [
                      146.389,
                      146.389
                    ],
                    "e": [
                      130.738,
                      130.738
                    ]
                  },
                  {
                    "i": {
                      "x": [
                        0.667,
                        0.667
                      ],
                      "y": [
                        1,
                        1
                      ]
                    },
                    "o": {
                      "x": [
                        0.333,
                        0.333
                      ],
                      "y": [
                        0,
                        0
                      ]
                    },
                    "n": [
                      "0p667_1_0p333_0",
                      "0p667_1_0p333_0"
                    ],
                    "t": 16,
                    "s": [
                      130.738,
                      130.738
                    ],
                    "e": [
                      139.382,
                      139.382
                    ]
                  },
                  {
                    "i": {
                      "x": [
                        0.833,
                        0.833
                      ],
                      "y": [
                        0.833,
                        0.833
                      ]
                    },
                    "o": {
                      "x": [
                        0.235,
                        0.235
                      ],
                      "y": [
                        0.012,
                        0.012
                      ]
                    },
                    "n": [
                      "0p833_0p833_0p235_0p012",
                      "0p833_0p833_0p235_0p012"
                    ],
                    "t": 17,
                    "s": [
                      139.382,
                      139.382
                    ],
                    "e": [
                      188.382,
                      188.382
                    ]
                  },
                  {
                    "t": 22
                  }
                ],
                "ix": 3
              },
              "r": {
                "a": 0,
                "k": 0,
                "ix": 6
              },
              "o": {
                "a": 0,
                "k": 100,
                "ix": 7
              },
              "sk": {
                "a": 0,
                "k": 0,
                "ix": 4
              },
              "sa": {
                "a": 0,
                "k": 0,
                "ix": 5
              },
              "nm": "变换"
            }
          ],
          "nm": "椭圆 1",
          "np": 3,
          "cix": 2,
          "ix": 1,
          "mn": "ADBE Vector Group",
          "hd": false
        }
      ],
      "ip": 12,
      "op": 35,
      "st": 4,
      "bm": 0
    },
    {
      "ddd": 0,
      "ind": 5,
      "ty": 4,
      "nm": "形状图层 8",
      "sr": 1,
      "ks": {
        "o": {
          "a": 1,
          "k": [
            {
              "i": {
                "x": [
                  0.667
                ],
                "y": [
                  1
                ]
              },
              "o": {
                "x": [
                  0.333
                ],
                "y": [
                  0
                ]
              },
              "n": [
                "0p667_1_0p333_0"
              ],
              "t": 23,
              "s": [
                100
              ],
              "e": [
                0
              ]
            },
            {
              "t": 26
            }
          ],
          "ix": 11
        },
        "r": {
          "a": 0,
          "k": 0,
          "ix": 10
        },
        "p": {
          "a": 1,
          "k": [
            {
              "i": {
                "x": 0.667,
                "y": 1
              },
              "o": {
                "x": 0.333,
                "y": 0
              },
              "n": "0p667_1_0p333_0",
              "t": 11,
              "s": [
                39.5,
                37.25,
                0
              ],
              "e": [
                12.75,
                11.5,
                0
              ],
              "to": [
                -0.53392314910889,
                -0.54516369104385,
                0
              ],
              "ti": [
                3.42441010475159,
                3.49650311470032,
                0
              ]
            },
            {
              "t": 25
            }
          ],
          "ix": 2
        },
        "a": {
          "a": 0,
          "k": [
            -16.375,
            23.625,
            0
          ],
          "ix": 1
        },
        "s": {
          "a": 1,
          "k": [
            {
              "i": {
                "x": [
                  0.667,
                  0.667,
                  0.667
                ],
                "y": [
                  1,
                  1,
                  1
                ]
              },
              "o": {
                "x": [
                  0.333,
                  0.333,
                  0.333
                ],
                "y": [
                  0,
                  0,
                  0
                ]
              },
              "n": [
                "0p667_1_0p333_0",
                "0p667_1_0p333_0",
                "0p667_1_0p333_0"
              ],
              "t": 11,
              "s": [
                100,
                100,
                100
              ],
              "e": [
                80,
                80,
                100
              ]
            },
            {
              "t": 19
            }
          ],
          "ix": 6
        }
      },
      "ao": 0,
      "shapes": [
        {
          "ty": "gr",
          "it": [
            {
              "d": 1,
              "ty": "el",
              "s": {
                "a": 0,
                "k": [
                  6,
                  6
                ],
                "ix": 2
              },
              "p": {
                "a": 0,
                "k": [
                  0,
                  0
                ],
                "ix": 3
              },
              "nm": "椭圆路径 1",
              "mn": "ADBE Vector Shape - Ellipse",
              "hd": false
            },
            {
              "ty": "fl",
              "c": {
                "a": 0,
                "k": [
                  0.549019634724,
                  0.819607853889,
                  0.913725495338,
                  1
                ],
                "ix": 4
              },
              "o": {
                "a": 0,
                "k": 100,
                "ix": 5
              },
              "r": 1,
              "nm": "填充 1",
              "mn": "ADBE Vector Graphic - Fill",
              "hd": false
            },
            {
              "ty": "tr",
              "p": {
                "a": 0,
                "k": [
                  -16.375,
                  23.5
                ],
                "ix": 2
              },
              "a": {
                "a": 0,
                "k": [
                  0,
                  0
                ],
                "ix": 1
              },
              "s": {
                "a": 0,
                "k": [
                  100,
                  100
                ],
                "ix": 3
              },
              "r": {
                "a": 0,
                "k": 0,
                "ix": 6
              },
              "o": {
                "a": 0,
                "k": 100,
                "ix": 7
              },
              "sk": {
                "a": 0,
                "k": 0,
                "ix": 4
              },
              "sa": {
                "a": 0,
                "k": 0,
                "ix": 5
              },
              "nm": "变换"
            }
          ],
          "nm": "椭圆 1",
          "np": 3,
          "cix": 2,
          "ix": 1,
          "mn": "ADBE Vector Group",
          "hd": false
        }
      ],
      "ip": 11,
      "op": 33,
      "st": -17,
      "bm": 0
    },
    {
      "ddd": 0,
      "ind": 6,
      "ty": 4,
      "nm": "形状图层 7",
      "sr": 1,
      "ks": {
        "o": {
          "a": 1,
          "k": [
            {
              "i": {
                "x": [
                  0.667
                ],
                "y": [
                  1
                ]
              },
              "o": {
                "x": [
                  0.333
                ],
                "y": [
                  0
                ]
              },
              "n": [
                "0p667_1_0p333_0"
              ],
              "t": 23,
              "s": [
                100
              ],
              "e": [
                0
              ]
            },
            {
              "t": 26
            }
          ],
          "ix": 11
        },
        "r": {
          "a": 0,
          "k": 0,
          "ix": 10
        },
        "p": {
          "a": 1,
          "k": [
            {
              "i": {
                "x": 0.667,
                "y": 1
              },
              "o": {
                "x": 0.333,
                "y": 0
              },
              "n": "0p667_1_0p333_0",
              "t": 11,
              "s": [
                47.125,
                32,
                0
              ],
              "e": [
                51.5,
                3.75,
                0
              ],
              "to": [
                0.09835427254438,
                -0.63508754968643,
                0
              ],
              "ti": [
                -0.63081240653992,
                4.07324552536011,
                0
              ]
            },
            {
              "t": 25
            }
          ],
          "ix": 2
        },
        "a": {
          "a": 0,
          "k": [
            -16.375,
            23.625,
            0
          ],
          "ix": 1
        },
        "s": {
          "a": 1,
          "k": [
            {
              "i": {
                "x": [
                  0.667,
                  0.667,
                  0.667
                ],
                "y": [
                  1,
                  1,
                  1
                ]
              },
              "o": {
                "x": [
                  0.333,
                  0.333,
                  0.333
                ],
                "y": [
                  0,
                  0,
                  0
                ]
              },
              "n": [
                "0p667_1_0p333_0",
                "0p667_1_0p333_0",
                "0p667_1_0p333_0"
              ],
              "t": 11,
              "s": [
                100,
                100,
                100
              ],
              "e": [
                80,
                80,
                100
              ]
            },
            {
              "t": 19
            }
          ],
          "ix": 6
        }
      },
      "ao": 0,
      "shapes": [
        {
          "ty": "gr",
          "it": [
            {
              "d": 1,
              "ty": "el",
              "s": {
                "a": 0,
                "k": [
                  6,
                  6
                ],
                "ix": 2
              },
              "p": {
                "a": 0,
                "k": [
                  0,
                  0
                ],
                "ix": 3
              },
              "nm": "椭圆路径 1",
              "mn": "ADBE Vector Shape - Ellipse",
              "hd": false
            },
            {
              "ty": "fl",
              "c": {
                "a": 0,
                "k": [
                  0.909803926945,
                  0.839215695858,
                  0.176470592618,
                  1
                ],
                "ix": 4
              },
              "o": {
                "a": 0,
                "k": 100,
                "ix": 5
              },
              "r": 1,
              "nm": "填充 1",
              "mn": "ADBE Vector Graphic - Fill",
              "hd": false
            },
            {
              "ty": "tr",
              "p": {
                "a": 0,
                "k": [
                  -16.375,
                  23.5
                ],
                "ix": 2
              },
              "a": {
                "a": 0,
                "k": [
                  0,
                  0
                ],
                "ix": 1
              },
              "s": {
                "a": 0,
                "k": [
                  100,
                  100
                ],
                "ix": 3
              },
              "r": {
                "a": 0,
                "k": 0,
                "ix": 6
              },
              "o": {
                "a": 0,
                "k": 100,
                "ix": 7
              },
              "sk": {
                "a": 0,
                "k": 0,
                "ix": 4
              },
              "sa": {
                "a": 0,
                "k": 0,
                "ix": 5
              },
              "nm": "变换"
            }
          ],
          "nm": "椭圆 1",
          "np": 3,
          "cix": 2,
          "ix": 1,
          "mn": "ADBE Vector Group",
          "hd": false
        }
      ],
      "ip": 11,
      "op": 33,
      "st": -14,
      "bm": 0
    },
    {
      "ddd": 0,
      "ind": 7,
      "ty": 4,
      "nm": "形状图层 6",
      "sr": 1,
      "ks": {
        "o": {
          "a": 1,
          "k": [
            {
              "i": {
                "x": [
                  0.667
                ],
                "y": [
                  1
                ]
              },
              "o": {
                "x": [
                  0.333
                ],
                "y": [
                  0
                ]
              },
              "n": [
                "0p667_1_0p333_0"
              ],
              "t": 23,
              "s": [
                100
              ],
              "e": [
                0
              ]
            },
            {
              "t": 26
            }
          ],
          "ix": 11
        },
        "r": {
          "a": 0,
          "k": 0,
          "ix": 10
        },
        "p": {
          "a": 1,
          "k": [
            {
              "i": {
                "x": 0.667,
                "y": 1
              },
              "o": {
                "x": 0.333,
                "y": 0
              },
              "n": "0p667_1_0p333_0",
              "t": 11,
              "s": [
                55.5,
                36.5,
                0
              ],
              "e": [
                82.875,
                10.625,
                0
              ],
              "to": [
                0.28073334693909,
                -0.2718211710453,
                0
              ],
              "ti": [
                -1.60585427284241,
                1.55487477779388,
                0
              ]
            },
            {
              "t": 25
            }
          ],
          "ix": 2
        },
        "a": {
          "a": 0,
          "k": [
            -16.375,
            23.625,
            0
          ],
          "ix": 1
        },
        "s": {
          "a": 1,
          "k": [
            {
              "i": {
                "x": [
                  0.667,
                  0.667,
                  0.667
                ],
                "y": [
                  1,
                  1,
                  1
                ]
              },
              "o": {
                "x": [
                  0.333,
                  0.333,
                  0.333
                ],
                "y": [
                  0,
                  0,
                  0
                ]
              },
              "n": [
                "0p667_1_0p333_0",
                "0p667_1_0p333_0",
                "0p667_1_0p333_0"
              ],
              "t": 11,
              "s": [
                100,
                100,
                100
              ],
              "e": [
                80,
                80,
                100
              ]
            },
            {
              "t": 19
            }
          ],
          "ix": 6
        }
      },
      "ao": 0,
      "shapes": [
        {
          "ty": "gr",
          "it": [
            {
              "d": 1,
              "ty": "el",
              "s": {
                "a": 0,
                "k": [
                  6,
                  6
                ],
                "ix": 2
              },
              "p": {
                "a": 0,
                "k": [
                  0,
                  0
                ],
                "ix": 3
              },
              "nm": "椭圆路径 1",
              "mn": "ADBE Vector Shape - Ellipse",
              "hd": false
            },
            {
              "ty": "fl",
              "c": {
                "a": 0,
                "k": [
                  0.556862771511,
                  0.152941182256,
                  0.988235294819,
                  1
                ],
                "ix": 4
              },
              "o": {
                "a": 0,
                "k": 100,
                "ix": 5
              },
              "r": 1,
              "nm": "填充 1",
              "mn": "ADBE Vector Graphic - Fill",
              "hd": false
            },
            {
              "ty": "tr",
              "p": {
                "a": 0,
                "k": [
                  -16.375,
                  23.5
                ],
                "ix": 2
              },
              "a": {
                "a": 0,
                "k": [
                  0,
                  0
                ],
                "ix": 1
              },
              "s": {
                "a": 0,
                "k": [
                  100,
                  100
                ],
                "ix": 3
              },
              "r": {
                "a": 0,
                "k": 0,
                "ix": 6
              },
              "o": {
                "a": 0,
                "k": 100,
                "ix": 7
              },
              "sk": {
                "a": 0,
                "k": 0,
                "ix": 4
              },
              "sa": {
                "a": 0,
                "k": 0,
                "ix": 5
              },
              "nm": "变换"
            }
          ],
          "nm": "椭圆 1",
          "np": 3,
          "cix": 2,
          "ix": 1,
          "mn": "ADBE Vector Group",
          "hd": false
        }
      ],
      "ip": 11,
      "op": 33,
      "st": -14,
      "bm": 0
    },
    {
      "ddd": 0,
      "ind": 8,
      "ty": 4,
      "nm": "形状图层 5",
      "sr": 1,
      "ks": {
        "o": {
          "a": 1,
          "k": [
            {
              "i": {
                "x": [
                  0.667
                ],
                "y": [
                  1
                ]
              },
              "o": {
                "x": [
                  0.333
                ],
                "y": [
                  0
                ]
              },
              "n": [
                "0p667_1_0p333_0"
              ],
              "t": 23,
              "s": [
                100
              ],
              "e": [
                0
              ]
            },
            {
              "t": 26
            }
          ],
          "ix": 11
        },
        "r": {
          "a": 0,
          "k": 0,
          "ix": 10
        },
        "p": {
          "a": 1,
          "k": [
            {
              "i": {
                "x": 0.667,
                "y": 1
              },
              "o": {
                "x": 0.333,
                "y": 0
              },
              "n": "0p667_1_0p333_0",
              "t": 11,
              "s": [
                56,
                48.125,
                0
              ],
              "e": [
                86.25,
                65.625,
                0
              ],
              "to": [
                0.62386161088943,
                0.35970398783684,
                0
              ],
              "ti": [
                -4.00113821029663,
                -2.30696272850037,
                0
              ]
            },
            {
              "t": 25
            }
          ],
          "ix": 2
        },
        "a": {
          "a": 0,
          "k": [
            -16.375,
            23.625,
            0
          ],
          "ix": 1
        },
        "s": {
          "a": 1,
          "k": [
            {
              "i": {
                "x": [
                  0.667,
                  0.667,
                  0.667
                ],
                "y": [
                  1,
                  1,
                  1
                ]
              },
              "o": {
                "x": [
                  0.333,
                  0.333,
                  0.333
                ],
                "y": [
                  0,
                  0,
                  0
                ]
              },
              "n": [
                "0p667_1_0p333_0",
                "0p667_1_0p333_0",
                "0p667_1_0p333_0"
              ],
              "t": 11,
              "s": [
                100,
                100,
                100
              ],
              "e": [
                80,
                80,
                100
              ]
            },
            {
              "t": 19
            }
          ],
          "ix": 6
        }
      },
      "ao": 0,
      "shapes": [
        {
          "ty": "gr",
          "it": [
            {
              "d": 1,
              "ty": "el",
              "s": {
                "a": 0,
                "k": [
                  6,
                  6
                ],
                "ix": 2
              },
              "p": {
                "a": 0,
                "k": [
                  0,
                  0
                ],
                "ix": 3
              },
              "nm": "椭圆路径 1",
              "mn": "ADBE Vector Shape - Ellipse",
              "hd": false
            },
            {
              "ty": "fl",
              "c": {
                "a": 0,
                "k": [
                  1,
                  0.541176497936,
                  0.78823530674,
                  1
                ],
                "ix": 4
              },
              "o": {
                "a": 0,
                "k": 100,
                "ix": 5
              },
              "r": 1,
              "nm": "填充 1",
              "mn": "ADBE Vector Graphic - Fill",
              "hd": false
            },
            {
              "ty": "tr",
              "p": {
                "a": 0,
                "k": [
                  -16.375,
                  23.5
                ],
                "ix": 2
              },
              "a": {
                "a": 0,
                "k": [
                  0,
                  0
                ],
                "ix": 1
              },
              "s": {
                "a": 0,
                "k": [
                  100,
                  100
                ],
                "ix": 3
              },
              "r": {
                "a": 0,
                "k": 0,
                "ix": 6
              },
              "o": {
                "a": 0,
                "k": 100,
                "ix": 7
              },
              "sk": {
                "a": 0,
                "k": 0,
                "ix": 4
              },
              "sa": {
                "a": 0,
                "k": 0,
                "ix": 5
              },
              "nm": "变换"
            }
          ],
          "nm": "椭圆 1",
          "np": 3,
          "cix": 2,
          "ix": 1,
          "mn": "ADBE Vector Group",
          "hd": false
        }
      ],
      "ip": 11,
      "op": 34,
      "st": -14,
      "bm": 0
    },
    {
      "ddd": 0,
      "ind": 9,
      "ty": 4,
      "nm": "形状图层 4",
      "sr": 1,
      "ks": {
        "o": {
          "a": 1,
          "k": [
            {
              "i": {
                "x": [
                  0.667
                ],
                "y": [
                  1
                ]
              },
              "o": {
                "x": [
                  0.333
                ],
                "y": [
                  0
                ]
              },
              "n": [
                "0p667_1_0p333_0"
              ],
              "t": 23,
              "s": [
                100
              ],
              "e": [
                0
              ]
            },
            {
              "t": 26
            }
          ],
          "ix": 11
        },
        "r": {
          "a": 0,
          "k": 0,
          "ix": 10
        },
        "p": {
          "a": 1,
          "k": [
            {
              "i": {
                "x": 0.667,
                "y": 1
              },
              "o": {
                "x": 0.333,
                "y": 0
              },
              "n": "0p667_1_0p333_0",
              "t": 11,
              "s": [
                46.375,
                54.375,
                0
              ],
              "e": [
                46.875,
                86.625,
                0
              ],
              "to": [
                0.01367991417646,
                0.88235449790955,
                0
              ],
              "ti": [
                -0.0696534216404,
                -4.49264574050903,
                0
              ]
            },
            {
              "t": 25
            }
          ],
          "ix": 2
        },
        "a": {
          "a": 0,
          "k": [
            -16.375,
            23.625,
            0
          ],
          "ix": 1
        },
        "s": {
          "a": 1,
          "k": [
            {
              "i": {
                "x": [
                  0.667,
                  0.667,
                  0.667
                ],
                "y": [
                  1,
                  1,
                  1
                ]
              },
              "o": {
                "x": [
                  0.333,
                  0.333,
                  0.333
                ],
                "y": [
                  0,
                  0,
                  0
                ]
              },
              "n": [
                "0p667_1_0p333_0",
                "0p667_1_0p333_0",
                "0p667_1_0p333_0"
              ],
              "t": 11,
              "s": [
                100,
                100,
                100
              ],
              "e": [
                80,
                80,
                100
              ]
            },
            {
              "t": 19
            }
          ],
          "ix": 6
        }
      },
      "ao": 0,
      "shapes": [
        {
          "ty": "gr",
          "it": [
            {
              "d": 1,
              "ty": "el",
              "s": {
                "a": 0,
                "k": [
                  6,
                  6
                ],
                "ix": 2
              },
              "p": {
                "a": 0,
                "k": [
                  0,
                  0
                ],
                "ix": 3
              },
              "nm": "椭圆路径 1",
              "mn": "ADBE Vector Shape - Ellipse",
              "hd": false
            },
            {
              "ty": "fl",
              "c": {
                "a": 0,
                "k": [
                  0.290196090937,
                  0.666666686535,
                  0.537254929543,
                  1
                ],
                "ix": 4
              },
              "o": {
                "a": 0,
                "k": 100,
                "ix": 5
              },
              "r": 1,
              "nm": "填充 1",
              "mn": "ADBE Vector Graphic - Fill",
              "hd": false
            },
            {
              "ty": "tr",
              "p": {
                "a": 0,
                "k": [
                  -16.375,
                  23.5
                ],
                "ix": 2
              },
              "a": {
                "a": 0,
                "k": [
                  0,
                  0
                ],
                "ix": 1
              },
              "s": {
                "a": 0,
                "k": [
                  100,
                  100
                ],
                "ix": 3
              },
              "r": {
                "a": 0,
                "k": 0,
                "ix": 6
              },
              "o": {
                "a": 0,
                "k": 100,
                "ix": 7
              },
              "sk": {
                "a": 0,
                "k": 0,
                "ix": 4
              },
              "sa": {
                "a": 0,
                "k": 0,
                "ix": 5
              },
              "nm": "变换"
            }
          ],
          "nm": "椭圆 1",
          "np": 3,
          "cix": 2,
          "ix": 1,
          "mn": "ADBE Vector Group",
          "hd": false
        }
      ],
      "ip": 11,
      "op": 34,
      "st": -14,
      "bm": 0
    },
    {
      "ddd": 0,
      "ind": 10,
      "ty": 4,
      "nm": "形状图层 3",
      "sr": 1,
      "ks": {
        "o": {
          "a": 1,
          "k": [
            {
              "i": {
                "x": [
                  0.667
                ],
                "y": [
                  1
                ]
              },
              "o": {
                "x": [
                  0.333
                ],
                "y": [
                  0
                ]
              },
              "n": [
                "0p667_1_0p333_0"
              ],
              "t": 22,
              "s": [
                100
              ],
              "e": [
                0
              ]
            },
            {
              "t": 25
            }
          ],
          "ix": 11
        },
        "r": {
          "a": 0,
          "k": 0,
          "ix": 10
        },
        "p": {
          "a": 1,
          "k": [
            {
              "i": {
                "x": 0.667,
                "y": 1
              },
              "o": {
                "x": 0.333,
                "y": 0
              },
              "n": "0p667_1_0p333_0",
              "t": 11,
              "s": [
                36.875,
                47.75,
                0
              ],
              "e": [
                5.875,
                66.25,
                0
              ],
              "to": [
                -0.88234150409698,
                0.5266689658165,
                0
              ],
              "ti": [
                4.4926586151123,
                -2.68166446685791,
                0
              ]
            },
            {
              "t": 25
            }
          ],
          "ix": 2
        },
        "a": {
          "a": 0,
          "k": [
            -16.375,
            23.625,
            0
          ],
          "ix": 1
        },
        "s": {
          "a": 1,
          "k": [
            {
              "i": {
                "x": [
                  0.667,
                  0.667,
                  0.667
                ],
                "y": [
                  1,
                  1,
                  1
                ]
              },
              "o": {
                "x": [
                  0.333,
                  0.333,
                  0.333
                ],
                "y": [
                  0,
                  0,
                  0
                ]
              },
              "n": [
                "0p667_1_0p333_0",
                "0p667_1_0p333_0",
                "0p667_1_0p333_0"
              ],
              "t": 11,
              "s": [
                100,
                100,
                100
              ],
              "e": [
                80,
                80,
                100
              ]
            },
            {
              "t": 19
            }
          ],
          "ix": 6
        }
      },
      "ao": 0,
      "shapes": [
        {
          "ty": "gr",
          "it": [
            {
              "d": 1,
              "ty": "el",
              "s": {
                "a": 0,
                "k": [
                  6,
                  6
                ],
                "ix": 2
              },
              "p": {
                "a": 0,
                "k": [
                  0,
                  0
                ],
                "ix": 3
              },
              "nm": "椭圆路径 1",
              "mn": "ADBE Vector Shape - Ellipse",
              "hd": false
            },
            {
              "ty": "fl",
              "c": {
                "a": 0,
                "k": [
                  1,
                  0.866666674614,
                  0.482352942228,
                  1
                ],
                "ix": 4
              },
              "o": {
                "a": 0,
                "k": 100,
                "ix": 5
              },
              "r": 1,
              "nm": "填充 1",
              "mn": "ADBE Vector Graphic - Fill",
              "hd": false
            },
            {
              "ty": "tr",
              "p": {
                "a": 0,
                "k": [
                  -16.375,
                  23.5
                ],
                "ix": 2
              },
              "a": {
                "a": 0,
                "k": [
                  0,
                  0
                ],
                "ix": 1
              },
              "s": {
                "a": 0,
                "k": [
                  100,
                  100
                ],
                "ix": 3
              },
              "r": {
                "a": 0,
                "k": 0,
                "ix": 6
              },
              "o": {
                "a": 0,
                "k": 100,
                "ix": 7
              },
              "sk": {
                "a": 0,
                "k": 0,
                "ix": 4
              },
              "sa": {
                "a": 0,
                "k": 0,
                "ix": 5
              },
              "nm": "变换"
            }
          ],
          "nm": "椭圆 1",
          "np": 3,
          "cix": 2,
          "ix": 1,
          "mn": "ADBE Vector Group",
          "hd": false
        }
      ],
      "ip": 11,
      "op": 34,
      "st": -13,
      "bm": 0
    }
  ]
}